{"cameraMode":{"drawMode":0,"name":"Shaded","section":"Shading Mode"},"sceneLighting":false,"audioPlay":false,"sceneViewState":{"m_AlwaysRefresh":false,"showFog":true,"showSkybox":false,"showFlares":true,"showImageEffects":true,"showParticleSystems":true,"showVisualEffectGraphs":true,"m_FxEnabled":true},"in2DMode":false,"pivot":{"x":39.801170349121097,"y":0.7487102746963501,"z":26.437149047851564},"rotation":{"x":0.1535758674144745,"y":0.12268280237913132,"z":-0.019219329580664636,"w":0.98030686378479},"size":1.9586706161499024,"orthographic":false}