{"cameraMode":{"drawMode":0,"name":"Shaded","section":"Shading Mode"},"sceneLighting":true,"audioPlay":false,"sceneViewState":{"m_AlwaysRefresh":false,"showFog":true,"showSkybox":true,"showFlares":true,"showImageEffects":true,"showParticleSystems":true,"showVisualEffectGraphs":true,"m_FxEnabled":true},"in2DMode":false,"pivot":{"x":97.51470184326172,"y":-124.27696228027344,"z":932.3151245117188},"rotation":{"x":0.072727732360363,"y":0.053830649703741077,"z":-0.003931053914129734,"w":0.9958946704864502},"size":439.6501159667969,"orthographic":false}