{"cameraMode":{"drawMode":0,"name":"Shaded","section":"Shading Mode"},"sceneLighting":true,"audioPlay":false,"sceneViewState":{"m_AlwaysRefresh":false,"showFog":true,"showSkybox":true,"showFlares":true,"showImageEffects":true,"showParticleSystems":true,"showVisualEffectGraphs":true,"m_FxEnabled":true},"in2DMode":false,"pivot":{"x":11.022354125976563,"y":-3.6570167541503908,"z":52.208282470703128},"rotation":{"x":0.1535758674144745,"y":0.12268280237913132,"z":-0.019219329580664636,"w":0.98030686378479},"size":10.467460632324219,"orthographic":false}