{"cameraMode":{"drawMode":0,"name":"Shaded","section":"Shading Mode"},"sceneLighting":false,"audioPlay":false,"sceneViewState":{"showFog":true,"showMaterialUpdate":false,"showSkybox":false,"showFlares":true,"showImageEffects":true,"showParticleSystems":true},"in2DMode":false,"pivot":{"x":0.0,"y":1.555985927581787,"z":-2.384185791015625e-7},"rotation":{"x":-0.22481617331504823,"y":-0.021339984610676767,"z":0.004924880340695381,"w":-0.9741549491882324},"size":3.5405795574188234,"orthographic":false}